step_ld_2,U_ld_2,RF_ld_2,step_ld_4,U_ld_4,RF_ld_4
0.0,0.0,0.0,0.0,0.0,0.0
1.0,0.0,0.0,1.0,0.0,0.0
2.0,0.006000000000000001,0.909000000000002,2.0,0.006000000000000001,0.909000000000002
2.01,0.009000000000000001,1.3635000000000044,2.01,0.009000000000000001,1.3635000000000035
2.02,0.012,1.8180000000000067,2.02,0.012,1.8180000000000045
2.03,0.015,2.2725000000000097,2.03,0.015,2.272500000000005
2.04,0.018000000000000002,2.727000000000012,2.04,0.018000000000000002,2.7270000000000065
2.05,0.021,3.1815000000000135,2.05,0.021,3.181500000000007
2.06,0.024000000000000004,3.636000000000017,2.06,0.024000000000000004,3.636000000000008
2.07,0.027,4.090500000000019,2.07,0.027,4.090500000000008
2.08,0.03,4.54500000000002,2.08,0.03,4.545000000000009
2.09,0.032999999999999995,4.999500000000024,2.09,0.032999999999999995,4.99950000000001
2.1,0.03599999999999999,5.4540000000000255,2.1,0.03599999999999999,5.4540000000000095
2.11,0.03899999999999999,5.9085000000000285,2.11,0.03899999999999999,5.9085000000000125
2.12,0.04199999999999998,6.363000000000032,2.12,0.04199999999999998,6.363000000000014
2.13,0.04499999999999998,6.817500000000033,2.13,0.04499999999999998,6.817500000000013
2.14,0.04799999999999999,7.272000000000035,2.14,0.04799999999999999,7.2720000000000145
2.15,0.05099999999999998,7.726500000000037,2.15,0.05099999999999998,7.726500000000015
2.16,0.05399999999999999,8.18100000000004,2.16,0.05399999999999999,8.181000000000015
2.17,0.056999999999999995,8.635500000000041,2.17,0.056999999999999995,8.635500000000018
2.18,0.05999999999999999,9.090000000000046,2.18,0.05999999999999999,9.090000000000016
2.19,0.063,9.531607170873773,2.19,0.063,9.531607170873784
2.2,0.066,9.956888126432554,2.2,0.066,9.956888126432547
2.21,0.069,10.380019520258973,2.21,0.069,10.38001952025899
2.22,0.07200000000000001,10.800847135752637,2.22,0.07200000000000001,10.800847135752631
2.23,0.07500000000000001,11.219208301790102,2.23,0.07500000000000001,11.219208301790083
2.24,0.07800000000000001,11.634931918005138,2.24,0.07800000000000001,11.634931918005208
2.25,0.08100000000000002,12.047838555942413,2.25,0.08100000000000002,12.047838555942436
2.26,0.08400000000000003,12.457740667777871,2.26,0.08400000000000003,12.457740667777903
2.27,0.08700000000000002,12.864442912400326,2.27,0.08700000000000002,12.864442912400389
2.28,0.09000000000000001,13.267742610751036,2.28,0.09000000000000001,13.26774261075104
2.29,0.09300000000000001,13.667430340991004,2.29,0.09300000000000001,13.667430340991052
2.3,0.09600000000000003,14.063290682088793,2.3,0.09600000000000003,14.063290682088812
2.31,0.09900000000000003,14.455103111742131,2.31,0.09900000000000003,14.455103111742147
2.32,0.10200000000000004,14.84264306116148,2.32,0.10200000000000004,14.842643061161416
2.33,0.10500000000000004,15.225683125160268,2.33,0.10500000000000004,15.22568312516033
2.3400000000000003,0.10800000000000004,15.603994421312036,2.3400000000000003,0.10800000000000004,15.603994421311976
2.35,0.11100000000000004,15.97734808675924,2.35,0.11100000000000004,15.977348086759257
2.3600000000000003,0.11400000000000005,16.34551689581077,2.3600000000000003,0.11400000000000005,16.345516895810842
2.37,0.11700000000000003,16.708276975956966,2.37,0.11700000000000003,16.70827697595693
2.3800000000000003,0.12000000000000004,17.065409594683864,2.3800000000000003,0.12000000000000004,17.065409594683867
2.39,0.12300000000000004,17.41670298478035,2.39,0.12300000000000004,17.416702984780354
2.4000000000000004,0.12600000000000003,17.761954172026186,2.4000000000000004,0.12600000000000003,17.76195417202625
2.41,0.12900000000000003,18.10097076653909,2.41,0.12900000000000003,18.100970766539223
2.4200000000000004,0.13200000000000006,18.433572677881095,2.4200000000000004,0.13200000000000006,18.43357267788117
2.43,0.13500000000000006,18.759593714454528,2.43,0.13500000000000006,18.75959371445453
2.4400000000000004,0.13800000000000007,19.07888302983863,2.4400000000000004,0.13800000000000007,19.078883029838718
2.45,0.14100000000000007,19.391306382474642,2.45,0.14100000000000007,19.391306382474767
2.4600000000000004,0.14400000000000007,19.696747180356606,2.4600000000000004,0.14400000000000007,19.696747180356528
2.47,0.14700000000000008,19.995107288854324,2.47,0.14700000000000008,19.99510728885444
2.4800000000000004,0.15000000000000008,20.28630758715988,2.4800000000000004,0.15000000000000008,20.28630758715992
2.49,0.15300000000000008,20.570288266653183,2.49,0.15300000000000008,20.57028826665315
2.5,0.15600000000000008,20.847008872371966,2.5,0.15600000000000008,20.84700887237194
2.51,0.15900000000000009,21.11644809625641,2.51,0.15900000000000009,21.11644809625672
2.5200000000000005,0.1620000000000001,21.378603337722552,2.5200000000000005,0.1620000000000001,21.378603337722417
2.53,0.1650000000000001,21.633490051932597,2.53,0.1650000000000001,21.63349005193199
2.54,0.16800000000000007,21.88114091378369,2.54,0.16800000000000007,21.88114091378361
2.55,0.17100000000000012,22.121604822516282,2.55,0.17100000000000012,22.12160482251611
2.5600000000000005,0.17400000000000007,22.35494578117449,2.5600000000000005,0.17400000000000007,22.354945781174848
2.57,0.17700000000000013,22.581241680351678,2.57,0.17700000000000013,22.581241680351745
2.58,0.18000000000000008,22.800583016188288,2.58,0.18000000000000008,22.800583016188423
2.5900000000000003,0.1830000000000001,23.01307157241656,2.5900000000000003,0.1830000000000001,23.013071572416425
2.6000000000000005,0.18600000000000008,23.218819092063235,2.6000000000000005,0.18600000000000008,23.2188190920632
2.6100000000000003,0.1890000000000001,23.417945962410727,2.6100000000000003,0.1890000000000001,23.417945962410503
2.62,0.1920000000000001,23.61057993324609,2.62,0.1920000000000001,23.610579933245933
2.6300000000000003,0.19500000000000012,23.79685488505081,2.6300000000000003,0.19500000000000012,23.79685488505088
2.6400000000000006,0.1980000000000001,23.97690966036096,2.6400000000000006,0.1980000000000001,23.97690966036096
2.6500000000000004,0.20100000000000012,24.15088696825893,2.6500000000000004,0.20100000000000012,24.150886968258646
2.66,0.20400000000000007,24.31893236897395,2.66,0.20400000000000007,24.318932368973776
2.6700000000000004,0.20700000000000013,24.481193342838477,2.6700000000000004,0.20700000000000013,24.481193342838207
2.6800000000000006,0.21000000000000008,24.63781844551511,2.6800000000000006,0.21000000000000008,24.637818445515176
2.6900000000000004,0.21300000000000016,24.7889565494268,2.6900000000000004,0.21300000000000016,24.788956549426608
2.7,0.21600000000000008,24.934756169685,2.7,0.21600000000000008,24.934756169685198
2.7100000000000004,0.21900000000000017,25.075364871541208,2.7100000000000004,0.21900000000000017,25.075364871541183
2.7200000000000006,0.2220000000000001,25.210928755402332,2.7200000000000006,0.2220000000000001,25.21092875540296
2.7300000000000004,0.22500000000000017,25.341592014768885,2.7300000000000004,0.22500000000000017,25.341592014769123
2.74,0.2280000000000001,25.467496561975302,2.74,0.2280000000000001,25.467496561975388
2.7500000000000004,0.23100000000000015,25.58878171639165,2.7500000000000004,0.23100000000000015,25.58878171639148
2.7600000000000007,0.23400000000000007,25.705583949630324,2.7600000000000007,0.23400000000000007,25.70558394963002
2.7700000000000005,0.23700000000000015,25.81803668236161,2.7700000000000005,0.23700000000000015,25.818036682361708
2.78,0.24000000000000007,25.926270127488102,2.78,0.24000000000000007,25.926270127488127
2.7900000000000005,0.24300000000000016,26.030411174656766,2.7900000000000005,0.24300000000000016,26.030411174656564
2.8000000000000007,0.2460000000000001,26.130583311360713,2.8000000000000007,0.2460000000000001,26.130583311360336
2.8100000000000005,0.24900000000000017,26.226906576206247,2.8100000000000005,0.24900000000000017,26.226906576206183
2.82,0.25200000000000017,26.319497540245195,2.82,0.25200000000000017,26.319497540245756
2.8300000000000005,0.25500000000000017,26.40846931263164,2.8300000000000005,0.25500000000000017,26.408469312631663
2.8400000000000007,0.2580000000000002,26.493931566890826,2.8400000000000007,0.2580000000000002,26.493931566890943
2.8500000000000005,0.2610000000000002,26.575990586471807,2.8500000000000005,0.2610000000000002,26.57599058647217
2.8600000000000003,0.2640000000000002,26.6547493225604,2.8600000000000003,0.2640000000000002,26.654749322560367
2.8700000000000006,0.2670000000000002,26.73030746725293,2.8700000000000006,0.2670000000000002,26.73030746725296
2.880000000000001,0.2700000000000002,26.80276153584904,2.880000000000001,0.2700000000000002,26.802761535849367
2.8900000000000006,0.2730000000000002,26.872204957927863,2.8900000000000006,0.2730000000000002,26.872204957927636
2.9000000000000004,0.27600000000000013,26.93872817527455,2.9000000000000004,0.27600000000000013,26.93872817527459
2.9100000000000006,0.27900000000000014,27.002418745198202,2.9100000000000006,0.27900000000000014,27.00241874519804
2.920000000000001,0.28200000000000014,27.063361447963388,2.920000000000001,0.28200000000000014,27.06336144796335
2.9300000000000006,0.28500000000000014,27.121638397252426,2.9300000000000006,0.28500000000000014,27.121638397252305
2.9400000000000004,0.2880000000000002,27.177329152711476,2.9400000000000004,0.2880000000000002,27.177329152711607
2.9500000000000006,0.2910000000000002,27.230510833788145,2.9500000000000006,0.2910000000000002,27.23051083378767
2.960000000000001,0.2940000000000002,27.281258234173485,2.960000000000001,0.2940000000000002,27.281258234173652
2.9700000000000006,0.2970000000000002,27.329643936291983,2.9700000000000006,0.2970000000000002,27.329643936291923
2.9800000000000004,0.3000000000000002,27.375738425344803,2.9800000000000004,0.3000000000000002,27.37573842534508
2.9900000000000007,0.3030000000000002,27.41961020251362,2.9900000000000007,0.3030000000000002,27.419610202513912
3.0,0.306,27.46132589700378,3.0,0.306,27.461325897003505
3.01,0.309,27.500950381715448,3.01,0.309,27.50095038171519
3.02,0.312,27.538546856782016,3.02,0.312,27.538546856782297
3.03,0.315,27.574177007556663,3.03,0.315,27.574177007556482
3.04,0.318,27.607901058758948,3.04,0.318,27.607901058759136
3.05,0.321,27.639777903017176,3.05,0.321,27.639777903017357
3.06,0.324,27.66986519655656,3.06,0.324,27.66986519655701
3.07,0.327,27.69821945772534,3.07,0.327,27.698219457724967
3.08,0.33,27.724896163167248,3.08,0.33,27.72489616316679
3.09,0.333,27.7499498415752,3.09,0.333,27.74994984157515
3.1,0.336,27.773434164966982,3.1,0.336,27.77343416496668
3.11,0.339,27.795402037424974,3.11,0.339,27.79540203742449
3.12,0.342,27.815905681241247,3.12,0.342,27.81590568124161
3.13,0.345,27.834996720390237,3.13,0.345,27.834996720390446
3.14,0.34800000000000003,27.85272626126119,3.14,0.34800000000000003,27.85272626126128
3.15,0.35100000000000003,27.86914497056237,3.15,0.35100000000000003,27.869144970562328
3.16,0.35400000000000004,27.88430315030209,3.16,0.35400000000000004,27.884303150302287
3.17,0.35700000000000004,27.898250809730428,3.17,0.35700000000000004,27.898250809730264
3.18,0.36000000000000004,27.91103773413147,3.18,0.36000000000000004,27.911037734131515
3.19,0.363,27.922713550308945,3.19,0.363,27.92271355030901
3.2,0.366,27.93332778863405,3.2,0.366,27.933327788634088
3.21,0.3690000000000001,27.9429299414696,3.21,0.3690000000000001,27.9429299414694
3.22,0.37200000000000005,27.951569517796212,3.22,0.37200000000000005,27.95156951779642
3.23,0.37500000000000006,27.959296093844554,3.23,0.37500000000000006,27.959296093845136
3.24,0.37800000000000006,27.966159359517164,3.24,0.37800000000000006,27.966159359516052
3.25,0.38100000000000006,27.972209160372536,3.25,0.38100000000000006,27.972209160373
3.26,0.38400000000000006,27.97749553496739,3.26,0.38400000000000006,27.977495534967208
3.27,0.38700000000000007,27.98206874726449,3.27,0.38700000000000007,27.982068747264808
3.28,0.39000000000000007,27.985979313910406,3.28,0.39000000000000007,27.985979313910548
3.29,0.39300000000000007,27.989278026099264,3.29,0.39300000000000007,27.989278026099512
3.3,0.3960000000000001,27.99201596579132,3.3,0.3960000000000001,27.99201596579161
3.31,0.3990000000000001,27.994244516034687,3.31,0.3990000000000001,27.994244516034833
3.32,0.4020000000000001,27.996015661870327,3.32,0.4020000000000001,27.996015661869986
3.33,0.4050000000000001,27.997380739325838,3.33,0.4050000000000001,27.99738073932607
3.3400000000000003,0.4080000000000001,27.998392398448367,3.3400000000000003,0.4080000000000001,27.99839239844835
3.35,0.4110000000000001,27.999103206514206,3.35,0.4110000000000001,27.99910320651479
3.3600000000000003,0.4140000000000001,27.99956598469433,3.3600000000000003,0.4140000000000001,27.999565984693927
3.37,0.4170000000000001,27.999833782110535,3.37,0.4170000000000001,27.999833782110475
3.3800000000000003,0.4200000000000001,27.99995983893165,3.3800000000000003,0.4200000000000001,27.99995983893104
3.39,0.4230000000000001,27.999997542942868,3.39,0.4230000000000001,27.999997542942573
3.3925,0.42375000000000007,27.999999584464923,3.3925,0.42375000000000007,27.999999617037854
3.3931250000000004,0.4239375000000001,27.999999702740528,3.3931250000000004,0.4239375000000001,27.99999971669309
3.39375,0.4241250000000001,27.99999987534452,3.39375,0.4241250000000001,27.99999988373905
3.394375,0.4243125000000001,27.999999963226955,3.394375,0.4243125000000001,27.99999996874159
3.3950625000000003,0.42451875000000006,27.99999999861232,3.39453125,0.4243593750000001,27.999999868615692
3.395234375,0.4245703125,27.999999958513392,3.3946875000000003,0.4244062500000001,27.998625618994296
3.39527734375,0.4245832031250001,27.999999969585343,3.39484375,0.4244531250000001,27.997200695534367
3.3953203125,0.42459609375000007,28.00000025868019,3.3950000000000005,0.4245000000000001,27.995754441668954
3.39536328125,0.42460898437500005,28.000000434608168,3.3951562500000003,0.4245468750000001,27.994301924349703
3.395410546875,0.42462316406250006,27.99968140521686,3.3953125,0.4245937500000001,27.99284366910947
3.3954578125,0.42463734375,27.999329730179536,3.3954687500000005,0.4246406250000001,27.991384461541756
3.395505078125,0.42465152343750007,27.998973380375084,3.3956406250000004,0.4246921875000001,27.989778146633263
3.3955570703125,0.4246671210937501,27.99857133013064,3.3958296875000005,0.42474890625000006,27.9880065328596
3.3956142617187495,0.424684278515625,27.99812884939095,3.3960187500000005,0.4248056250000001,27.98623067900905
3.395677172265625,0.4247031516796876,27.997641793210686,3.3962078125,0.42486234375000015,27.984453585792487
3.395746373867188,0.4247239121601563,27.997103381318016,3.3964157812500004,0.42492473437500017,27.98249724834257
3.3958224956289063,0.424746748688672,27.996510802536942,3.396644546875,0.42499336406250016,27.980343500567365
3.3959062295667968,0.4247718688700391,27.995858548885636,3.3968961890625,0.42506885671875017,27.97797227669473
3.3959983368984767,0.4247995010695431,27.995138254834856,3.3971729954687504,0.4251518986406253,27.975361446730503
3.3960996549633244,0.42482989648899727,27.99434393533334,3.397477482515625,0.42524324475468767,27.972486604511463
3.3962111048346566,0.42486333145039695,27.993467777063444,3.397812418267188,0.4253437254801565,27.969320830540855
3.3963336996931224,0.4249001099079368,27.992503016033154,3.3981808475939066,0.4254542542781721,27.965834430487558
3.396468554037434,0.4249405662112304,27.991440594277183,3.3985861198532974,0.4255758359559893,27.961992677157703
3.3966168938161783,0.42498506814485343,27.990270532872657,3.398991392112688,0.4256974176338065,27.95814479370932
3.396780067572796,0.42503402027183873,27.98898237721441,3.3994371915980177,0.42583115747940536,27.95390683984878
3.3969432413294136,0.4250829723988241,27.9876931270372,3.3999275710318804,0.42597827130956417,27.949239144151285
3.3971064150860313,0.42513192452580945,27.98640244445039,3.4004669884091294,0.4261400965227389,27.944096912841303
3.3972695888426494,0.4251808766527947,27.985110360728896,3.401060347524103,0.42631810425723105,27.938432388506456
3.397432762599267,0.42522982877978016,27.9838162549288,3.401713042550574,0.4265139127651724,27.93219173678244
3.3975959363558847,0.4252787809067655,27.982520962937254,3.4024310070796924,0.4267293021239079,27.92531585101619
3.3977591101125024,0.4253277330337509,27.981224038754583,3.403220768061723,0.42696623041851695,27.917739524605963
3.3979386012447823,0.4253815803734347,27.97979551661985,3.404089505141956,0.4272268515425869,27.909390819744726
3.398136041490289,0.42544081244708704,27.978221880687126,3.4050451159302124,0.4275135347790638,27.90019037649955
3.398353225760348,0.4255059677281045,27.97648818601648,3.4060962877972942,0.4278288863391884,27.89005046767551
3.398592128457412,0.42557763853722386,27.974577773061586,3.407252576851085,0.4281757730553256,27.878874858737575
3.3988549214241828,0.4256564764272549,27.97247222003793,3.4085244948102535,0.4285573484430764,27.866556906590247
3.3991439936876304,0.4257431981062892,27.97015111739884,3.4099236045653405,0.42897708136960233,27.852979122416706
3.3994619731774227,0.4258385919532269,27.967592117676848,3.411322714320427,0.42939681429612814,27.839373568923484
3.3998117506161942,0.42594352518485834,27.964769461068705,3.4127218240755126,0.42981654722265406,27.825742188202415
3.400196505798843,0.42605895173965297,27.96165661571385,3.414260844806108,0.43027825344183257,27.8107205046242
3.4006197364997566,0.426185920949927,27.958223276301812,3.415799865536703,0.43073995966101103,27.795673655411957
3.4010852902707613,0.4263255870812285,27.954435852624368,3.4173388862672978,0.4312016658801896,27.78060322096221
3.401597399418867,0.42647921982566017,27.950256962683767,3.418877906997893,0.431663372099368,27.765510698674184
3.402160719481783,0.42664821584453494,27.945646660254937,3.420416927728488,0.4321250783185464,27.7503974649282
3.402780371550991,0.4268341114652972,27.94055929278912,3.4219559484590825,0.43258678453772487,27.73526473077601
3.403461988827119,0.42703859664813576,27.9349431591368,3.4234949691896777,0.43304849075690327,27.720113901434825
3.4042117678308603,0.42726353034925807,27.928743265783307,3.4250339899202724,0.4335101969760818,27.70494641733824
3.4050365247349754,0.4275109574204927,27.921897039254148,3.426573010650868,0.43397190319526013,27.689763194043188
3.4059437573295024,0.4277831271988508,27.914337339515285,3.4281120313814624,0.4344336094144387,27.67456524052277
3.4069417131834814,0.42808251395504454,27.90598883218792,3.4296510521120567,0.4348953156336172,27.659353671667887
3.40803946462286,0.4284118393868578,27.896768188106247,3.431343974915712,0.43540319247471354,27.642605853179504
3.4092469912061745,0.4287740973618524,27.886583256622128,3.4330368977193664,0.43591106931580975,27.62584406757936
3.4105752704478216,0.4291725811343465,27.87533207427369,3.4347298205230206,0.4364189461569061,27.609069370175895
3.412036377613633,0.42961091328408973,27.8629020829873,3.436422743326675,0.4369268229980025,27.592282776309798
3.4136435954960254,0.4300930786488076,27.849168338490298,3.4381156661303294,0.4374346998390988,27.575485219887938
3.4154115351666574,0.4306234605499972,27.83399403276978,3.439808588933984,0.43794257668019504,27.55867756320224
3.4173562688043524,0.43120688064130575,27.81722685271859,3.441501511737638,0.43845045352129136,27.54186067066307
3.419495475805817,0.4318486427417451,27.798698994801452,3.443194434541293,0.43895833036238774,27.525035404724697
3.421848603507428,0.4325545810522284,27.77822461485668,3.4448873573449474,0.43946620720348406,27.508202927898775
3.4244370439792,0.43333111319376005,27.75559997572294,3.4467495724289674,0.44002487172869,27.48968636804399
3.42728432849815,0.4341852985494448,27.730598979497763,3.448611787512988,0.440583536253896,27.47117014313009
3.4304163414689937,0.43512490244069807,27.70297406818977,3.4504740025970078,0.441142200779102,27.452649581995487
3.4338615557369225,0.4361584667210767,27.6724512405158,3.452336217681027,0.441700865304308,27.43412547446222
3.4373067700048514,0.4371920310014554,27.64180427586624,3.454198432765047,0.44225952982951394,27.41559518286168
3.44075198427278,0.4382255952818339,27.611045404884376,3.4560606478490667,0.44281819435472,27.39706229436261
3.4445417199675017,0.4393625159902504,27.577089840568796,3.4579228629330867,0.44337685887992584,27.378527378600964
3.448331455662223,0.4404994366986668,27.543024059629,3.459785078017106,0.4439355234051319,27.359990951743328
3.4521211913569445,0.44163635740708335,27.508858241671327,3.4616472931011266,0.44449418793033774,27.341453482485058
3.4559109270516664,0.4427732781154998,27.47460169153496,3.4635095081851466,0.44505285245554377,27.322915396543948
3.459700662746388,0.4439101988239163,27.440262646571636,3.4653717232691665,0.44561151698074974,27.304377080597973
3.4634903984411096,0.4450471195323328,27.40584864859721,3.4672339383531865,0.4461701815059558,27.28583888472218
3.467280134135831,0.44618404024074926,27.371366614858392,3.469096153437206,0.44672884603116175,27.267296319436937
3.4710698698305524,0.4473209609491657,27.336823300205573,3.471144590029628,0.4473433770088883,27.246894497573816
3.4752385790947464,0.44857157372842393,27.298758328845626,3.473397870281292,0.4480193610843875,27.224447481150808
3.47940728835894,0.4498221865076819,27.260633773205804,3.4758764785581224,0.44876294356743673,27.199752025027912
3.483575997623133,0.45107279928694,27.222455862164427,3.478602947662636,0.44958088429879073,27.172584371938527
3.4877447068873275,0.4523234120661981,27.18423066027144,3.4816020636776006,0.45048061910328013,27.142700308793504
3.4919134161515206,0.45357402484545617,27.145963687305887,3.4849010912940623,0.4514703273882186,27.10983091670121
3.4960821254157146,0.4548246376247143,27.107659977111886,3.4885300216721697,0.4525590065016509,27.07368190925942
3.5002508346799086,0.45607525040397223,27.06932541030524,3.492521845088088,0.4537565535264263,27.033940211245223
3.5044195439441026,0.4573258631832305,27.0309641233254,3.4969128508455976,0.45507385525367927,26.990266571694224
3.508588253208296,0.45857647596248863,26.992579742284608,3.501303856603108,0.4563911569809324,26.94661802331554
3.5127569624724897,0.4598270887417468,26.954176194733527,3.505694862360618,0.4577084587081854,26.903002638909168
3.516925671736684,0.46107770152100497,26.915756883473833,3.510085868118128,0.4590257604354384,26.859423436527017
3.5210943810008777,0.4623283143002631,26.877326470510937,3.5144768738756382,0.4603430621626914,26.815883170225124
3.5252630902650712,0.4635789270795212,26.838888830737993,3.518867879633148,0.4616603638899444,26.772385719559985
3.529848670455684,0.4649546011367052,26.79660586940464,3.5232588853906583,0.4629776656171975,26.728943151907583
3.534434250646297,0.46633027519388914,26.75433989948976,3.5280889917239198,0.46442669751717586,26.681204562544114
3.539019830836911,0.4677059492510731,26.712085600288862,3.5329190980571807,0.4658757294171541,26.63351373077913
3.543605411027524,0.46908162330825703,26.669853380816544,3.5377492043904417,0.4673247613171324,26.58588010506997
3.548190991218137,0.47045729736544106,26.62763974655472,3.5425793107237022,0.4687737932171107,26.53830592898341
3.5527765714087503,0.471832971422625,26.58544600126064,3.547409417056964,0.47022282511708896,26.49079316311761
3.557362151599364,0.47320864547980895,26.54327330317128,3.5522395233902246,0.47167185701706726,26.443343541427037
3.5619477317899766,0.474584319536993,26.501122693597367,3.557069629723486,0.4731208889170457,26.395958602431545
3.566533311980589,0.47595999359417696,26.458995123675443,3.561899736056747,0.4745699208170239,26.348630374441
3.571118892171203,0.4773356676513609,26.41689154190244,3.5672128530233342,0.47616385590700006,26.296630184739623
3.5757044723618163,0.4787113417085449,26.37481285171332,3.57305728168658,0.4779171845059739,26.23950946147323
3.580290052552429,0.4800870157657289,26.33275987225033,3.5794861532161506,0.47984584596484503,26.176814760322415
3.584875632743042,0.4814626898229128,26.290733418754268,3.585915024745721,0.48177450742371614,26.114243881875204
3.589461212933656,0.4828383638800968,26.248734244320143,3.5929867834282487,0.4838960350284744,26.045547596912893
3.594046793124269,0.4842140379372808,26.20676305991021,3.6007657179790287,0.48622971539370846,25.970150706170482
3.5986323733148815,0.4855897119944648,26.164820548172017,3.609322545984887,0.488796763795466,25.88742675761076
3.6032179535054953,0.4869653860516488,26.12290732346447,3.617879373990745,0.4913638121972234,25.80493884556376
3.607803533696108,0.4883410601088327,26.08102396470307,3.62729188479719,0.4941875654391567,25.714469199785288
3.6123891138867217,0.48971673416601674,26.039171008220514,3.636704395603634,0.49701131868108983,25.62428969130468
3.616974694077335,0.4910924082232007,25.997348953358706,3.6467043956036336,0.50001131868109,25.528809742514763
3.621560274267948,0.49246808228038463,25.95555826561504,3.656704395603634,0.50301131868109,25.433676792152333
3.626145854458561,0.49384375633756866,25.913799379400714,3.6667043956036336,0.50601131868109,25.338890747032888
3.6307314346491744,0.4952194303947526,25.872072700463185,3.6767043956036334,0.50901131868109,25.24449405382217
3.6353170148397873,0.49659510445193655,25.830378608015828,3.6867043956036336,0.51201131868109,25.150507964971816
3.6399025950304,0.49797077850912047,25.78871745659199,3.6967043956036334,0.51501131868109,25.05687166419693
3.6444881752210136,0.4993464525663045,25.747089577569103,3.7067043956036336,0.51801131868109,24.963587269854447
3.649073755411627,0.5007221266234885,25.70548865093992,3.7167043956036334,0.52101131868109,24.870659718491847
3.65365933560224,0.5020978006806724,25.66391132891637,3.7267043956036336,0.52401131868109,24.778090913819167
3.658244915792853,0.5034734747378564,25.62236052008928,3.7367043956036334,0.52701131868109,24.685882575168925
3.6628304959834654,0.5048491487950404,25.580838642957396,3.7467043956036337,0.53001131868109,24.593940072953608
3.66741607617408,0.5062248228522244,25.539344092435343,3.7567043956036335,0.53301131868109,24.502428271503653
3.6724602143837535,0.5077380643151267,25.493704833620175,3.7667043956036337,0.53601131868109,24.41127605518647
3.677504352593428,0.5092513057780289,25.44808349748539,3.7767043956036335,0.53901131868109,24.320488839907085
3.6830529046240703,0.5109158713872216,25.39792480828199,3.7867043956036337,0.54201131868109,24.230066281154286
3.688601456654712,0.5125804369964142,25.347803221556287,3.7967043956036335,0.54501131868109,24.14000766551394
3.694150008685354,0.5142450026056068,25.29772451999732,3.8067043956036337,0.54801131868109,24.05031209924597
3.699698560715996,0.5159095682147994,25.24769463679656,3.8167043956036335,0.55101131868109,23.960978529863088
3.7058019679497014,0.5177405903849112,25.192720523389692,3.8267043956036337,0.55401131868109,23.872005764042235
3.711905375183408,0.5195716125550229,25.137816608695495,3.8367043956036335,0.55701131868109,23.78339248170916
3.7180087824171135,0.5214026347251347,25.082987028505794,3.8467043956036338,0.56001131868109,23.695137247915007
3.72411218965082,0.5232336568952465,25.02824729742036,3.8567043956036335,0.56301131868109,23.607238523161737
3.7302155968845265,0.5250646790653584,24.97359777145656,3.8667043956036338,0.56601131868109,23.519694672459604
3.736319004118232,0.52689570123547,24.91902695810325,3.8767043956036336,0.56901131868109,23.432503974148545
3.7424224113519378,0.5287267234055818,24.864540065546052,3.886704395603634,0.57201131868109,23.345664627931264
3.7491361593090153,0.5307408477927048,24.80470298309841,3.8967043956036336,0.57501131868109,23.259174763000072
3.755849907266092,0.5327549721798278,24.744976283275797,3.906704395603634,0.57801131868109,23.1730324462142
3.762563655223168,0.5347690965669508,24.685373151433648,3.9167043956036336,0.58101131868109,23.08723551555252
3.769277403180245,0.5367832209540737,24.62588884569861,3.9267043956036334,0.58401131868109,23.001781876748876
3.7759911511373216,0.5387973453411968,24.566519067571377,3.9367043956036336,0.58701131868109,22.91666940709816
3.7827048990943983,0.5408114697283198,24.50726829392132,3.9467043956036334,0.59001131868109,22.831895980910023
3.7900900218471834,0.5430270065541551,24.44223806533424,3.9567043956036336,0.59301131868109,22.747459462282745
3.797475144599967,0.5452425433799905,24.377408596352616,3.9667043956036334,0.59601131868109,22.663357715458407
3.804860267352751,0.5474580802058258,24.312727622203937,3.9767043956036336,0.59901131868109,22.579588612818327
3.812245390105536,0.5496736170316611,24.248199110205746,3.9867043956036334,0.60201131868109,22.496154149309437
3.820369025133599,0.55211070754008,24.177395076765244,3.9967043956036337,0.60501131868109,22.413070263916943
3.8284926601616607,0.5545477980484987,24.106784260467787,4.0,0.6059999999999998,22.385764002654227
3.836616295189724,0.5569848885569175,24.03638549445164,4.01,0.6089999999999998,22.303140371723163
3.8447399302177865,0.5594219790653363,23.96620746739317,4.02,0.6119999999999998,22.220861774742243
3.853675928748656,0.562102778624597,23.889236310301257,4.03,0.6149999999999998,22.138928929812355
3.862611927279525,0.5647835781838577,23.812508527460068,4.04,0.6179999999999998,22.057338403276162
3.8715479258103938,0.5674643777431184,23.736025133228093,4.05,0.6209999999999998,21.97608619650693
3.88137752419435,0.5704132572583052,23.65216899555119,4.06,0.6239999999999998,21.895168004781652
3.8913775241943505,0.5734132572583052,23.567158636718464,4.07,0.6269999999999998,21.81457812092817
3.90137752419435,0.5764132572583052,23.482452206524854,4.08,0.6299999999999998,21.73431141350658
3.9113775241943505,0.5794132572583052,23.398055549490067,4.09,0.6329999999999998,21.6543632228628
3.92137752419435,0.5824132572583052,23.313971529531447,4.1,0.6359999999999998,21.574729898678267
3.9313775241943505,0.5854132572583052,23.230200482235823,4.11,0.6389999999999998,21.495413451435724
3.9413775241943494,0.5884132572583052,23.146744492493664,4.12,0.6419999999999998,21.416416167703048
3.9513775241943505,0.5914132572583052,23.06360358921117,4.13,0.6449999999999998,21.337703153352244
3.9613775241943494,0.5944132572583052,22.980774078277413,4.14,0.6479999999999998,21.259262448046098
3.9713775241943505,0.5974132572583052,22.898257718247866,4.15,0.6509999999999998,21.18110184712222
3.9813775241943494,0.6004132572583052,22.816057315013495,4.16,0.6539999999999998,21.103228002613854
3.9913775241943505,0.6034132572583052,22.73417454803644,4.17,0.6569999999999998,21.025644742231467
4.0,0.6060000000000002,22.663826870502447,4.18,0.6599999999999998,20.948354875840955
4.01,0.6090000000000002,22.58253774100049,4.19,0.6629999999999998,20.87135854713712
4.02,0.6120000000000002,22.50156852958472,4.2,0.6659999999999998,20.794656773785004
4.03,0.6150000000000002,22.420919382480513,4.21,0.6689999999999999,20.71825121295989
4.04,0.6180000000000001,22.340590740236046,4.22,0.6719999999999998,20.642144685673408
4.05,0.6210000000000001,22.26058257842228,4.23,0.6749999999999998,20.566338812999355
4.06,0.6240000000000001,22.18089468033964,4.24,0.6779999999999998,20.49083439395276
4.07,0.6270000000000001,22.10152668511303,4.25,0.6809999999999997,20.415631711056548
4.08,0.6300000000000001,22.02247811745276,4.26,0.6839999999999998,20.34073069620677
4.09,0.6330000000000001,21.943749015900796,4.27,0.6869999999999998,20.26613102902913
4.1,0.6360000000000001,21.86533746861132,4.28,0.6899999999999998,20.19183219856635
4.11,0.6390000000000001,21.787243403331406,4.29,0.693,20.117833543589295
4.12,0.6420000000000001,21.709466077209388,4.3,0.6959999999999998,20.044134279833543
4.13,0.6450000000000001,21.632004662188056,4.31,0.6989999999999998,19.970733518904975
4.14,0.6480000000000001,21.55485829123209,4.32,0.7019999999999998,19.8976302816816
4.15,0.6510000000000001,21.47802605725475,4.33,0.7049999999999996,19.824823507943496
4.16,0.6540000000000001,21.4015070167943,4.34,0.708,19.75231262640227
4.17,0.6570000000000003,21.32530019404536,4.3500000000000005,0.711,19.68009627910952
4.18,0.6600000000000003,21.24940458331403,4.36,0.714,19.608175333988672
4.19,0.6630000000000003,21.17381963285216,4.37,0.717,19.53654966856552
4.2,0.6660000000000003,21.09854320551296,4.38,0.72,19.465218830784472
4.21,0.6690000000000002,21.02357475228524,4.390000000000001,0.7229999999999999,19.394182179466515
4.22,0.6720000000000003,20.94891327403901,4.4,0.7259999999999999,19.323412932262343
4.23,0.6750000000000003,20.874557637697265,4.41,0.7289999999999996,19.252939325269207
4.24,0.6780000000000003,20.80050670293796,4.42,0.7319999999999999,19.182760287220685
4.25,0.6810000000000004,20.72675932115289,4.430000000000001,0.7349999999999999,19.112873757192222
4.26,0.6840000000000003,20.653314844800295,4.44,0.7379999999999999,19.043274390860304
4.27,0.6870000000000003,20.58017119503537,4.45,0.741,18.97396345821593
4.28,0.6900000000000003,20.50732755745955,4.46,0.744,18.90493960623923
4.29,0.6930000000000002,20.43478275230602,4.470000000000001,0.747,18.836201980948378
4.3,0.6960000000000003,20.36253557202876,4.48,0.75,18.767749752593744
4.31,0.6990000000000003,20.290584804039405,4.49,0.7529999999999997,18.699581821407204
4.32,0.7020000000000003,20.218929228858666,4.5,0.756,18.63169703571856
4.33,0.7050000000000004,20.14758689255432,4.51,0.759,18.564094212698652
4.34,0.7080000000000002,20.07658234228389,4.52,0.762,18.49677214712894
4.3500000000000005,0.7110000000000002,20.005917700939815,4.53,0.765,18.429729618166572
4.36,0.7140000000000003,19.935593095280687,4.54,0.7679999999999998,18.36296539406331
4.37,0.7170000000000002,19.86560862963995,4.550000000000001,0.7709999999999998,18.296478235687285
4.38,0.7200000000000003,19.795961403444025,4.56,0.7739999999999998,18.230266898962594
4.390000000000001,0.7230000000000003,19.726643349337152,4.57,0.7769999999999998,18.16433013633886
4.4,0.7260000000000003,19.65765438735456,4.58,0.7799999999999998,18.09866669810852
4.41,0.7290000000000003,19.58899418119176,4.59,0.7829999999999998,18.03327533343727
4.42,0.7320000000000003,19.520679107233047,4.6000000000000005,0.7859999999999998,17.968154791185395
4.430000000000001,0.7350000000000003,19.452711099900498,4.61,0.789,17.903303820582476
4.44,0.7380000000000003,19.385088198430562,4.62,0.7919999999999998,17.8387211717934
4.45,0.7410000000000002,19.317809014105286,4.630000000000001,0.7949999999999998,17.774405596404314
4.46,0.7440000000000003,19.25087209903841,4.640000000000001,0.7979999999999998,17.71035584784499
4.470000000000001,0.7470000000000003,19.18427726623064,4.65,0.8009999999999998,17.646570681761972
4.48,0.7500000000000003,19.11803431511014,4.66,0.8039999999999998,17.58304885635135
4.49,0.7530000000000003,19.05214292265488,4.67,0.8069999999999998,17.519789132656754
4.5,0.7560000000000003,18.98659977560928,4.680000000000001,0.8099999999999998,17.456790274839808
4.51,0.7590000000000003,18.92140302689203,4.69,0.813,17.394051050423872
4.52,0.7620000000000003,18.85655041428243,4.7,0.8159999999999998,17.33157023051761
4.53,0.7650000000000001,18.79203956326765,4.710000000000001,0.8189999999999998,17.26934659001732
4.54,0.7680000000000003,18.727867990185214,4.720000000000001,0.8219999999999998,17.207378907792197
4.550000000000001,0.7710000000000004,18.664033081630183,4.73,0.8249999999999998,17.145665966853823
4.56,0.7740000000000004,18.600532073205365,4.74,0.8279999999999998,17.08419135124645
4.57,0.7770000000000004,18.53736202576672,4.75,0.8309999999999998,17.022967373201
4.58,0.7800000000000004,18.47451979886506,4.760000000000001,0.8339999999999999,16.961998187825763
4.59,0.7830000000000004,18.41200202142344,4.77,0.837,16.901280627659556
4.6000000000000005,0.7860000000000004,18.34980505965524,4.78,0.8399999999999999,16.84081346735502
4.61,0.7890000000000001,18.287924448776312,4.790000000000001,0.8429999999999999,16.78059453597565
4.62,0.7920000000000004,18.226356961883805,4.800000000000001,0.8459999999999999,16.720622326579576
4.630000000000001,0.7950000000000004,18.165095227412014,4.81,0.8489999999999999,16.66089547435582
4.640000000000001,0.7980000000000003,18.10413195056184,4.82,0.8519999999999999,16.601412693157325
4.65,0.8010000000000003,18.04345927432365,4.83,0.855,16.542172747770387
4.66,0.8040000000000003,17.983070428994132,4.840000000000001,0.858,16.483174436555437
4.67,0.8070000000000003,17.922958156313,4.8500000000000005,0.8610000000000002,16.424416579536818
4.680000000000001,0.8100000000000003,17.863114999055167,4.86,0.864,16.365898012240542
4.69,0.8130000000000002,17.80249665738025,4.870000000000001,0.867,16.307617581619706
4.7,0.8160000000000005,17.741929624117404,4.880000000000001,0.87,16.249574143653675
4.710000000000001,0.8190000000000005,17.68159196159233,4.890000000000001,0.873,16.191766561915145
4.720000000000001,0.8220000000000005,17.621485518153506,4.9,0.876,16.134193706717785
4.73,0.8250000000000005,17.56161072632997,4.91,0.879,16.076854454614622
4.74,0.8280000000000003,17.50196715453338,4.920000000000001,0.882,16.019747688103067
4.75,0.8310000000000003,17.44255396073269,4.930000000000001,0.8850000000000001,15.962872293276003
4.760000000000001,0.8340000000000003,17.38337005157577,4.94,0.888,15.906235227221757
4.77,0.8370000000000003,17.324413681680475,4.950000000000001,0.891,15.849838976360147
4.78,0.8400000000000003,17.265684484735022,4.960000000000001,0.894,15.793682785315532
4.790000000000001,0.8430000000000003,17.20718054131921,4.970000000000001,0.8969999999999998,15.737766132831927
4.800000000000001,0.8460000000000003,17.148900379735853,4.98,0.9,15.682087486867797
4.81,0.8490000000000005,17.09084252180223,4.99,0.903,15.62664595236091
4.82,0.8520000000000003,17.03290798410928,5.0,0.9059999999999998,15.571440717900893
4.83,0.8550000000000003,16.97518689588896,5.01,0.9119999999999998,15.461762434047984
4.840000000000001,0.8580000000000003,16.91769445031254,5.02,0.9179999999999998,15.353023916129496
4.8500000000000005,0.8610000000000003,16.860426594251095,5.03,0.9239999999999998,15.245217872433724
4.86,0.8640000000000003,16.803379917250357,5.04,0.9299999999999998,15.138336246778978
4.870000000000001,0.8670000000000003,16.746552265625137,5.05,0.9359999999999998,15.032369216038134
4.880000000000001,0.8700000000000003,16.689942255902935,5.06,0.9419999999999998,14.927358564310154
4.890000000000001,0.8730000000000004,16.6335472358897,5.07,0.9479999999999998,14.823302502323076
4.9,0.8760000000000003,16.57736628277466,5.08,0.9539999999999998,14.720195960362
4.91,0.8790000000000003,16.52139804292094,5.09,0.9599999999999999,14.618033114409927
4.920000000000001,0.8820000000000003,16.465641261328823,5.1,0.9659999999999999,14.516813592728612
4.930000000000001,0.8850000000000003,16.41009478138317,5.11,0.9719999999999999,14.416528730271576
4.94,0.8880000000000003,16.354757525843496,5.12,0.9779999999999999,14.317169419481017
4.950000000000001,0.8910000000000003,16.29962848244409,5.13,0.9839999999999999,14.218728574921684
4.960000000000001,0.8940000000000003,16.244706691744803,5.14,0.99,14.121198967019124
4.970000000000001,0.8970000000000005,16.189993840328395,5.15,0.996,14.024568405472502
4.98,0.9000000000000004,16.135494190337482,5.16,1.0019999999999996,13.92882487722721
4.99,0.9030000000000004,16.08111440369739,5.17,1.0079999999999996,13.833960776647467
5.0,0.9060000000000001,16.0268152492079,5.18,1.0139999999999996,13.739963506572757
5.01,0.9120000000000001,15.918651940550829,5.19,1.0199999999999996,13.646817272871086
5.02,0.9180000000000001,15.811200469608266,5.2,1.0259999999999998,13.554503921424187
5.03,0.9240000000000002,15.704483013181,5.21,1.0319999999999998,13.462861029657583
5.04,0.9300000000000002,15.598500245378371,5.22,1.0379999999999998,13.37153145388738
5.05,0.9360000000000002,15.493246982246603,5.23,1.0439999999999998,13.280964754553242
5.06,0.9420000000000003,15.388715685911045,5.24,1.0499999999999998,13.191144341660832
5.07,0.9480000000000003,15.284897727208024,5.25,1.0559999999999998,13.102053878231445
5.08,0.9540000000000003,15.181783771403843,5.26,1.0619999999999998,13.013675863615115
5.09,0.9600000000000003,15.07931803512386,5.27,1.0679999999999998,12.925276756197176
5.1,0.9660000000000003,14.977358195455947,5.28,1.0739999999999998,12.837483022191758
5.11,0.9720000000000003,14.876012072888162,5.29,1.0799999999999998,12.750342612503118
5.12,0.9780000000000003,14.77534112089786,5.3,1.0859999999999999,12.66385794432019
5.13,0.9840000000000003,14.675334093046146,5.31,1.0919999999999999,12.578023253195596
5.14,0.9900000000000003,14.575977981660271,5.32,1.0979999999999999,12.49279419793552
5.15,0.9960000000000003,14.477285358385048,5.33,1.1039999999999999,12.408178189912975
5.16,1.0020000000000002,14.379270849279772,5.34,1.1099999999999999,12.324192507647282
5.17,1.0080000000000002,14.281937869314293,5.3500000000000005,1.1159999999999999,12.240831232170393
5.18,1.0140000000000002,14.18528527222982,5.36,1.1219999999999999,12.158088556139868
5.19,1.0200000000000002,14.0893098961647,5.37,1.128,12.07595872674564
5.2,1.0260000000000002,13.99400760488818,5.38,1.134,11.994436072756788
5.21,1.0320000000000003,13.899373774119775,5.390000000000001,1.14,11.913514999255812
5.22,1.0380000000000003,13.805403537035325,5.4,1.146,11.833189984337103
5.23,1.0440000000000003,13.712091914493776,5.41,1.152,11.753449717067374
5.24,1.0500000000000003,13.61943388617282,5.42,1.158,11.674288366876228
5.25,1.0560000000000003,13.527424429947004,5.430000000000001,1.164,11.595698385195105
5.26,1.0620000000000003,13.436058543644268,5.44,1.17,11.517642106599315
5.27,1.0680000000000003,13.345331256835284,5.45,1.176,11.4401489837004
5.28,1.0740000000000003,13.255237636935647,5.46,1.182,11.3632152067551
5.29,1.0800000000000003,13.165772792062763,5.470000000000001,1.188,11.286836968455829
5.3,1.0860000000000003,13.076931872095098,5.48,1.194,11.211010084977646
5.31,1.0920000000000003,12.988710068689308,5.49,1.2,11.135730292256884
5.32,1.0980000000000003,12.901102614966385,5.5,1.206,11.060993266455036
5.33,1.1040000000000003,12.81410478478046,5.51,1.212,10.986794632664344
5.34,1.1100000000000003,12.72771189191572,5.52,1.218,10.91312997047336
5.3500000000000005,1.1160000000000003,12.64191928950623,5.53,1.224,10.83999481913872
5.36,1.1220000000000003,12.556722369356873,5.54,1.23,10.767384683151157
5.37,1.1280000000000003,12.472116561377367,5.550000000000001,1.236,10.695256697978047
5.38,1.1340000000000003,12.388097333091672,5.56,1.242,10.6236110636007
5.390000000000001,1.1400000000000003,12.30466018921696,5.57,1.248,10.552317382440277
5.4,1.1460000000000004,12.221800671270376,5.58,1.254,10.481457525374548
5.41,1.1520000000000004,12.13951435738401,5.59,1.26,10.411055894883107
5.42,1.1580000000000004,12.057796861839009,5.6000000000000005,1.266,10.341069985862868
5.430000000000001,1.1640000000000004,11.976643834948376,5.61,1.272,10.271552895574988
5.44,1.1700000000000004,11.896050962800656,5.62,1.278,10.202517120492619
5.45,1.1760000000000004,11.816013967048704,5.630000000000001,1.284,10.133963422059995
5.46,1.1820000000000004,11.736528604706752,5.640000000000001,1.29,10.065888894368296
5.470000000000001,1.1880000000000004,11.657590667950833,5.65,1.296,9.998289530386455
5.48,1.1940000000000004,11.579204137701828,5.66,1.302,9.931161023103954
5.49,1.2000000000000004,11.501373258064241,5.67,1.308,9.864499013191363
5.5,1.2060000000000004,11.42409305044681,5.680000000000001,1.314,9.798299162085709
5.51,1.2120000000000004,11.347346130449829,5.69,1.32,9.732510530211687
5.52,1.2180000000000004,11.271121808910875,5.7,1.326,9.667143745182782
5.53,1.2240000000000004,11.19541648583278,5.710000000000001,1.332,9.602230345444843
5.54,1.2300000000000004,11.120226652195791,5.720000000000001,1.338,9.537767247028928
5.550000000000001,1.2360000000000004,11.045548773672737,5.73,1.344,9.473750426820237
5.56,1.2420000000000004,10.971379298529865,5.74,1.3500000000000003,9.410176901297847
5.57,1.2480000000000004,10.897714661905487,5.75,1.356,9.347045470184344
5.58,1.2540000000000004,10.824551291941784,5.760000000000001,1.362,9.284347862565095
5.59,1.2600000000000005,10.751885615587256,5.77,1.368,9.222079436543629
5.6000000000000005,1.2660000000000005,10.679714063579135,5.78,1.3739999999999999,9.160235760389684
5.61,1.2720000000000005,10.608033074592733,5.790000000000001,1.38,9.09881299354916
5.62,1.2780000000000005,10.536839098656026,5.800000000000001,1.386,9.037809064961552
5.630000000000001,1.2840000000000005,10.46612859994391,5.81,1.392,8.977221729814246
5.640000000000001,1.2900000000000005,10.395898059055202,5.82,1.3980000000000004,8.917048336971057
5.65,1.2960000000000005,10.326143974865028,5.83,1.404,8.85728600903781
5.66,1.3020000000000005,10.256862866002324,5.840000000000001,1.41,8.79793173283586
5.67,1.3080000000000005,10.188051272056413,5.8500000000000005,1.416,8.738984564797699
5.680000000000001,1.3140000000000005,10.119705754535754,5.86,1.422,8.680448613000156
5.69,1.3200000000000005,10.051822897602927,5.870000000000001,1.428,8.622312410661804
5.7,1.3260000000000003,9.984399308656451,5.880000000000001,1.434,8.56457298447232
5.710000000000001,1.3320000000000003,9.91743161876868,5.890000000000001,1.44,8.507226727945177
5.720000000000001,1.3380000000000003,9.85091614475235,5.9,1.4460000000000004,8.450270367423139
5.73,1.3440000000000003,9.784850251107821,5.91,1.452,8.393700630915918
5.74,1.3500000000000003,9.719230296454922,5.920000000000001,1.458,8.337514228963922
5.75,1.3560000000000003,9.654053005999213,5.930000000000001,1.464,8.281707846796367
5.760000000000001,1.3620000000000008,9.589315132928323,5.94,1.47,8.226278137500104
5.77,1.3680000000000003,9.525013454162115,5.950000000000001,1.4760000000000002,8.171221762078444
5.78,1.3740000000000003,9.46114477095246,5.960000000000001,1.4820000000000002,8.116536552346346
5.790000000000001,1.3800000000000003,9.397705908785422,5.970000000000001,1.4880000000000002,8.06222120641641
5.800000000000001,1.3860000000000003,9.334693717244456,5.98,1.4940000000000004,8.008273949144883
5.81,1.3920000000000003,9.272105069690912,5.99,1.5000000000000002,7.954692710855218
5.82,1.3980000000000004,9.20993686376562,6.0,1.5059999999999996,7.901475262522318
5.83,1.4040000000000004,9.148186020144205,6.0025,1.5089999999999997,7.8750038433318785
5.840000000000001,1.4100000000000008,9.086849482853449,6.005,1.5119999999999996,7.848622061408933
5.8500000000000005,1.4160000000000004,9.025924219593513,6.0075,1.5149999999999995,7.822330157189453
5.86,1.4220000000000004,8.965407220451594,6.01025,1.518299999999999,7.793512222505715
5.870000000000001,1.4280000000000006,8.90529549834986,6.013275,1.5219299999999996,7.761936851628562
5.880000000000001,1.4340000000000004,8.845586088639998,6.0166025,1.5259229999999995,7.727353792829307
5.890000000000001,1.4400000000000006,8.78627604884981,6.02026275,1.5303152999999992,7.689492905699523
5.9,1.4460000000000006,8.727362458430074,6.024289025,1.5351468299999993,7.6480631910355985
5.91,1.4520000000000006,8.668842418498196,6.0287179275,1.5404615129999992,7.602751901950925
5.920000000000001,1.4580000000000009,8.610713051579898,6.03358972025,1.546307664299999,7.553222874481879
5.930000000000001,1.4640000000000006,8.55297150134992,6.038948692275,1.5527384307299996,7.499116871880585
5.94,1.4700000000000006,8.495596025720717,6.0448435615025,1.5598122738029996,7.440051733648193
5.950000000000001,1.4760000000000006,8.438596005201598,6.05132791765275,1.567593501183299,7.3756222141257455
5.960000000000001,1.4820000000000004,8.381974166101333,6.058460709418025,1.5761528513016294,7.3053992600471505
5.970000000000001,1.4880000000000007,8.325728556206169,6.066306780359827,1.5855681364317924,7.228932434277001
5.98,1.4940000000000007,8.26985664083933,6.07493745839581,1.5959249500749717,7.1457504961334966
5.99,1.5000000000000007,8.214332147428102,6.084431204235392,1.6073174450824688,7.055363926120677
6.0,1.5060000000000002,8.159171405153474,6.094431204235392,1.6193174450824688,6.961403425245658
6.0025,1.5120000000000002,8.104375500189363,6.104431204235391,1.631317445082469,6.868704702419129
6.005,1.518,8.049941886367955,6.114431204235391,1.643317445082469,6.77724997456076
6.0075,1.5240000000000002,7.995868686440097,6.124431204235392,1.655317445082469,6.687021708605583
6.01025,1.5306000000000004,7.9367999860335985,6.134431204235392,1.667317445082469,6.59800262605077
6.013275,1.5378600000000002,7.872318729356299,6.144431204235391,1.679317445082469,6.5101757011159975
6.0166025,1.5458460000000003,7.801982213789347,6.154431204235391,1.691317445082469,6.42352416099367
6.02026275,1.5546306000000003,7.725322452107635,6.164431204235392,1.703317445082469,6.338031484863907
6.024289025,1.5642936600000004,7.641847135819926,6.174431204235392,1.715317445082469,6.253681402009195
6.0287179275,1.5749230260000004,7.551041539353624,6.184431204235391,1.727317445082469,6.170457889284275
6.03358972025,1.5866153286000004,7.452369699035305,6.194431204235391,1.739317445082469,6.088345168128928
6.038948692275,1.5994768614600003,7.345279416571059,6.204431204235392,1.7513174450824691,6.007327701261371
6.0448435615025,1.6136245476060003,7.229205517332629,6.214431204235392,1.7633174450824691,5.927390189152573
6.05132791765275,1.6291870023666,7.10357564843418,6.224431204235391,1.7753174450824691,5.848517566356784
6.058460709418025,1.64630570260326,6.967817088485481,6.234431204235391,1.7873174450824691,5.770694997752771
6.066306780359827,1.665136272863586,6.821364816976093,6.244431204235392,1.7993174450824692,5.693907874737092
6.07493745839581,1.6858499001499447,6.66366757078919,6.254431204235392,1.8113174450824687,5.61814181139998
6.084431204235392,1.7086348901649393,6.4939155366427554,6.264431204235391,1.8233174450824687,5.543382640706423
6.094431204235392,1.732634890164939,6.319385019433092,6.274431204235391,1.8353174450824687,5.469616410699467
6.104431204235391,1.7566348901649391,6.149099672216862,6.284431204235392,1.8473174450824688,5.396829380738672
6.114431204235391,1.7806348901649391,5.982816507013171,6.294431204235392,1.8593174450824688,5.325007947599365
6.124431204235392,1.8046348901649396,5.820494564106781,6.304431204235391,1.8713174450824688,5.2541379118229194
6.134431204235392,1.8286348901649396,5.662383700313379,6.314431204235391,1.8833174450824688,5.184206880736004
6.144431204235391,1.8526348901649397,5.508411446112254,6.324431204235392,1.8953174450824688,5.115202255728168
6.154431204235391,1.8766348901649397,5.3584826227181805,6.334431204235392,1.9073174450824688,5.047111106355536
6.164431204235392,1.9006348901649397,5.212497526193459,6.344431204235392,1.9193174450824688,4.979920905920948
6.174431204235392,1.9246348901649395,5.070355696590088,6.354431204235391,1.9313174450824688,4.913619306680984
6.184431204235391,1.9486348901649395,4.931957771208034,6.364431204235392,1.9433174450824688,4.848194136725346
6.194431204235391,1.9726348901649395,4.797206783210233,6.374431204235392,1.9553174450824689,4.783633398896448
6.204431204235392,1.9966348901649396,4.666008903409896,6.384431204235392,1.9673174450824693,4.719925269306468
6.214431204235392,2.02063489016494,4.538273907337394,6.394431204235391,1.979317445082469,4.657058095442711
6.224431204235391,2.0446348901649394,4.413915390576964,6.404431204235392,1.991317445082469,4.595020393966617
6.234431204235391,2.0686348901649394,4.292850719942629,6.414431204235392,2.003317445082469,4.533800848312338
6.244431204235392,2.0926348901649394,4.174975002089791,6.424431204235392,2.015317445082469,4.473388306164313
6.254431204235392,2.1166348901649394,4.0602409462105165,6.434431204235391,2.027317445082469,4.413771776870376
6.264431204235391,2.1406348901649395,3.9485797772257936,6.444431204235392,2.039317445082469,4.354940428830494
6.274431204235391,2.1646348901649395,3.839918871463776,6.454431204235392,2.0513174450824696,4.296883586888676
6.284431204235392,2.1886348901649395,3.734187536742796,6.464431204235392,2.0633174450824696,4.2395907297480155
6.294431204235392,2.2126348901649395,3.6313165789395976,6.474431204235391,2.0753174450824696,4.183051487422302
6.304431204235391,2.2366348901649395,3.531238112981288,6.484431204235392,2.0873174450824696,4.127255638734629
6.314431204235391,2.2606348901649396,3.4339075111599198,6.494431204235392,2.0993174450824696,4.072193108869178
6.324431204235392,2.2846348901649396,3.3392751937169125,6.504431204235392,2.1113174450824697,4.017853966982813
6.334431204235392,2.30863489016494,3.2472692271533443,6.514431204235391,2.1233174450824697,3.9642284238796366
6.344431204235392,2.33263489016494,3.15781630889526,6.524431204235391,2.1353174450824697,3.911306829752198
6.354431204235391,2.35663489016494,3.07084353235168,6.534431204235392,2.1473174450824697,3.8590796719929705
6.364431204235392,2.38063489016494,2.9862792745112667,6.544431204235392,2.1593174450824697,3.8075375730777
6.374431204235392,2.40463489016494,2.904053628116027,6.554431204235391,2.1713174450824697,3.756671288524645
6.384431204235392,2.42863489016494,2.824098611644023,6.564431204235392,2.1833174450824697,3.7064717049316305
6.394431204235391,2.45263489016494,2.7463482891655087,6.574431204235392,2.1953174450824697,3.656929838093879
6.404431204235392,2.47663489016494,2.670738836450621,6.584431204235392,2.2073174450824697,3.608036831205876
6.414431204235392,2.50063489016494,2.5972084227101755,6.594431204235392,2.2193174450824698,3.559783953149452
6.424431204235392,2.52463489016494,2.525697156032951,6.604431204235391,2.2313174450824698,3.5121625968720505
6.434431204235391,2.54863489016494,2.4561470200315454,6.614431204235392,2.2433174450824698,3.4651642778567755
6.444431204235392,2.57263489016494,2.388501803332612,6.624431204235392,2.25531744508247,3.4187806326878607
6.454431204235392,2.59663489016494,2.322707025378263,6.634431204235392,2.26731744508247,3.3730034177126647
6.464431204235392,2.62063489016494,2.2587098603015288,6.644431204235392,2.27931744508247,3.3278245078030575
6.474431204235391,2.64463489016494,2.196459059719449,6.654431204235392,2.29131744508247,3.283235895215144
6.484431204235392,2.66863489016494,2.1359048743726303,6.664431204235392,2.3033174450824694,3.2392296885482503
6.494431204235392,2.6926348901649404,2.0769991758927255,6.674431204235392,2.3153174450824694,3.195798111799964
6.504431204235392,2.71663489016494,2.019709900704287,6.684431204235391,2.3273174450824694,3.1529335035140464
6.514431204235391,2.7406348901649396,1.9640223255244027,6.694431204235392,2.3393174450824694,3.110628316013412
6.524431204235391,2.76463489016494,1.9098363002020555,6.704431204235392,2.3513174450824694,3.068874012583773
6.534431204235392,2.7886348901649405,1.8571147685543308,6.714431204235392,2.3633174450824694,3.027662381372642
6.544431204235392,2.81263489016494,1.8058211485296027,6.724431204235392,2.3753174450824694,2.986988153664788
6.554431204235391,2.83663489016494,1.755919120380648,6.734431204235392,2.3873174450824695,2.9468441904751344
6.564431204235392,2.86063489016494,1.7073728617208963,6.744431204235392,2.3993174450824695,2.9072234817608247
6.574431204235392,2.8846348901649406,1.66014721856016,6.754431204235392,2.4113174450824695,2.8681191288091847
6.584431204235392,2.90863489016494,1.614207787283116,6.764431204235391,2.4233174450824695,2.829524342993082
6.594431204235392,2.93263489016494,1.5695209533367742,6.774431204235392,2.4353174450824695,2.791432444617007
6.604431204235391,2.95663489016494,1.5260538939977915,6.784431204235392,2.4473174450824695,2.753836861672261
6.614431204235392,2.9806348901649407,1.4837745737434247,6.794431204235392,2.4593174450824695,2.7167311282135422
6.624431204235392,3.00463489016494,1.4426517338125031,6.804431204235392,2.4713174450824695,2.6801088822357766
6.634431204235392,3.02863489016494,1.4026548767681648,6.814431204235392,2.4833174450824695,2.6439638629413516
6.644431204235392,3.05263489016494,1.363754248270396,6.824431204235392,2.4953174450824696,2.608289907345103
6.654431204235392,3.0766348901649407,1.3259208174491304,6.834431204235392,2.50731744508247,2.573080944886277
6.664431204235392,3.1006348901649403,1.2891262568074568,6.844431204235392,2.51931744508247,2.5383309857911085
6.674431204235392,3.12463489016494,1.2533429180114148,6.854431204235392,2.53131744508247,2.504034188528653
6.684431204235391,3.1486348901649404,1.2185437306164235,6.864431204235392,2.54331744508247,2.4701845837508087
6.694431204235392,3.172634890164941,1.1847022255539192,6.874431204235392,2.55531744508247,2.436776458503356
6.704431204235392,3.1966348901649404,1.1517925586937137,6.884431204235392,2.56731744508247,2.4038041001575055
6.714431204235392,3.22063489016494,1.1197895029482838,6.894431204235392,2.57931744508247,2.371261737892121
6.724431204235392,3.2446348901649404,1.0886684408380043,6.904431204235392,2.59131744508247,2.339143946776656
6.734431204235392,3.268634890164941,1.0584053574926813,6.914431204235392,2.60331744508247,2.3074450353515905
6.744431204235392,3.2926348901649405,1.0289757680516127,6.924431204235392,2.61531744508247,2.276159434366962
6.754431204235392,3.31663489016494,1.0003602592747651,6.934431204235392,2.62731744508247,2.245281592564331
6.764431204235391,3.3406348901649405,0.9725388780732426,6.944431204235392,2.63931744508247,2.2148052836408825
6.774431204235392,3.364634890164941,0.9454881345947693,6.954431204235392,2.65131744508247,2.1847253031025606
6.784431204235392,3.3886348901649406,0.9191857342537256,6.964431204235392,2.66331744508247,2.1550372422524315
6.794431204235392,3.41263489016494,0.8936104057087881,6.974431204235392,2.67531744508247,2.125735263858062
6.804431204235392,3.4366348901649406,0.8687417070082329,6.984431204235392,2.68731744508247,2.0968138477821325
6.814431204235392,3.4606348901649406,0.8445598808615361,6.994431204235392,2.6993174450824697,2.0682675182936854
6.824431204235392,3.4846348901649407,0.82104579066602,7.0,2.706,2.052533701119744
6.834431204235392,3.50863489016494,0.7981808780892875,7.0025,2.709,2.045508132480617
6.844431204235392,3.5326348901649407,0.7759471330940518,7.005,2.712,2.0385053189779967
6.854431204235392,3.5566348901649407,0.7543270706329556,7.0075,2.7150000000000003,2.0315252538910054
6.864431204235392,3.5806348901649407,0.7333037111057522,7.01025,2.7183000000000006,2.023873269641339
6.874431204235392,3.60463489016494,0.712860563055058,7.013275,2.72193,2.015487523038656
6.884431204235392,3.628634890164941,0.692981607285305,7.0166025,2.725923,2.0063010677232076
6.894431204235392,3.652634890164941,0.6736512819591197,7.02026275,2.7303152999999996,1.996241551968028
6.904431204235392,3.676634890164941,0.6548544684211717,7.024289025,2.73514683,1.985173345288881
6.914431204235392,3.700634890164941,0.6365764776059936,7.0287179275,2.740461513,1.9730333201119887
6.924431204235392,3.724634890164941,0.6188030369447395,7.03358972025,2.7463076643,1.9597547349861588
6.934431204235392,3.748634890164941,0.6015202768480942,7.038948692275,2.75273843073,1.9452440268225748
6.944431204235392,3.772634890164941,0.5847201188408078,7.0448435615025,2.759812273803,1.9293988047914947
6.954431204235392,3.796634890164941,0.5683905259659937,7.05132791765275,2.7675935011833004,1.912109087245497
6.964431204235392,3.820634890164941,0.5525186471201897,7.058460709418025,2.77615285130163,1.8932582950260215
6.974431204235392,3.844634890164941,0.537091954111464,7.066306780359827,2.785568136431793,1.8727232193220311
6.984431204235392,3.868634890164941,0.5220982528987557,7.07493745839581,2.7959249500749723,1.8503683726529372
6.994431204235392,3.892634890164941,0.5075256940476628,7.084431204235392,2.8073174450824694,1.8258692000718248
7.0,3.906,0.49958852366020184,7.093924950074973,2.8187099400899664,1.8016630440731145
,,,7.103924950074973,2.830709940089966,1.7764884565526464
,,,7.113924950074972,2.8427099400899665,1.7516426602962196
,,,7.123924950074972,2.8547099400899665,1.7271218819745364
,,,7.133924950074972,2.8667099400899665,1.7029224694755667
,,,7.143924950074973,2.878709940089967,1.679040997253621
,,,7.153924950074972,2.8907099400899665,1.6554742208902384
,,,7.163924950074972,2.9027099400899665,1.6322190242373853
,,,7.173924950074972,2.9147099400899665,1.6092723792688832
,,,7.183924950074973,2.926709940089966,1.5866313175554239
,,,7.1939249500749725,2.9387099400899666,1.5642929099572167
,,,7.203924950074972,2.9507099400899666,1.5422542520090836
,,,7.213924950074973,2.9627099400899666,1.5205124527901115
,,,7.223924950074973,2.974709940089967,1.499064626044317
,,,7.2339249500749725,2.9867099400899666,1.4779078833506305
,,,7.243924950074973,2.9987099400899666,1.4570405041820407
,,,7.253924950074973,3.0107099400899666,1.4364610639963244
,,,7.263924950074973,3.022709940089966,1.4161666913943338
,,,7.2739249500749725,3.034709940089966,1.396154143130442
,,,7.283924950074973,3.046709940089966,1.3764222275599487
,,,7.293924950074973,3.058709940089966,1.3569684791513235
,,,7.303924950074973,3.070709940089967,1.337789489302441
,,,7.313924950074973,3.0827099400899662,1.3188817667041903
,,,7.323924950074973,3.0947099400899662,1.3002417406042028
,,,7.333924950074973,3.1067099400899667,1.2818658050902465
,,,7.343924950074973,3.1187099400899663,1.263750338822266
,,,7.353924950074973,3.1307099400899667,1.2458917199315975
,,,7.363924950074972,3.1427099400899667,1.2282863376406656
,,,7.373924950074973,3.1547099400899667,1.2109306013327008
,,,7.383924950074973,3.166709940089967,1.1938209476377715
,,,7.393924950074973,3.1787099400899668,1.1769538459316076
,,,7.403924950074972,3.190709940089967,1.1603258026641228
,,,7.413924950074973,3.202709940089967,1.1439334084949466
,,,7.423924950074973,3.2147099400899664,1.1277731656109116
,,,7.433924950074973,3.226709940089967,1.1118417516344299
,,,7.4439249500749725,3.238709940089967,1.0961358026247223
,,,7.453924950074973,3.250709940089967,1.0806521327269552
,,,7.463924950074975,3.2627099400899673,1.0653874718663003
,,,7.473924950074973,3.274709940089967,1.0503386410314557
,,,7.4839249500749725,3.286709940089967,1.0355025085312457
,,,7.493924950074973,3.298709940089967,1.0208759898107491
,,,7.503924950074975,3.3107099400899664,1.0064560471473911
,,,7.513924950074973,3.322709940089967,0.9922396892442736
,,,7.5239249500749725,3.334709940089967,0.9782239707246845
,,,7.533924950074973,3.346709940089967,0.9644059915917748
,,,7.543924950074975,3.358709940089968,0.9507828966107232
,,,7.553924950074973,3.370709940089967,0.9373518746687117
,,,7.563924950074973,3.382709940089967,0.9241101581066574
,,,7.573924950074973,3.394709940089967,0.9110550220335927
,,,7.583924950074973,3.4067099400899665,0.8981837836304573
,,,7.593924950074973,3.418709940089967,0.8854938014486174
,,,7.603924950074973,3.430709940089967,0.8729824747075696
,,,7.613924950074972,3.442709940089967,0.8606472425828146
,,,7.623924950074973,3.4547099400899675,0.8484855835057741
,,,7.633924950074973,3.466709940089967,0.8364950144928197
,,,7.643924950074973,3.478709940089967,0.8246730904674614
,,,7.653924950074972,3.490709940089967,0.8130174035926935
,,,7.663924950074973,3.5027099400899666,0.8015255826142436
,,,7.673924950074973,3.514709940089967,0.7901952922156825
,,,7.683924950074973,3.526709940089967,0.7790242324121026
,,,7.6939249500749725,3.538709940089967,0.768010138215038
,,,7.703924950074973,3.5507099400899675,0.7571507787723312
,,,7.713924950074975,3.562709940089967,0.7464439566896188
,,,7.723924950074973,3.574709940089967,0.7358875074512266
,,,7.7339249500749725,3.586709940089967,0.7254792988511415
,,,7.743924950074973,3.5987099400899663,0.7152172304364163
,,,7.753924950074975,3.610709940089967,0.705099232962662
,,,7.763924950074973,3.622709940089967,0.6951232678615538
,,,7.7739249500749725,3.634709940089967,0.6852873267199336
,,,7.783924950074973,3.646709940089968,0.6755894307704795
,,,7.793924950074975,3.658709940089967,0.6660276303935694
,,,7.803924950074973,3.670709940089967,0.6566000046302134
,,,7.813924950074973,3.682709940089967,0.6473046607057635
,,,7.823924950074973,3.6947099400899672,0.6381397335643941
,,,7.833924950074973,3.7067099400899672,0.6291043745066399
,,,7.843924950074973,3.7187099400899672,0.6201972758795571
,,,7.853924950074973,3.7307099400899673,0.6114171254029374
,,,7.863924950074972,3.742709940089968,0.6027592011147577
,,,7.873924950074973,3.7547099400899673,0.5942217654461472
,,,7.883924950074973,3.7667099400899673,0.5858032015982748
,,,7.893924950074973,3.7787099400899673,0.57750191939924
,,,7.903924950074972,3.7907099400899673,0.5693161812114936
,,,7.913924950074973,3.8027099400899673,0.5612444661857353
,,,7.923924950074973,3.8147099400899673,0.553285309282672
,,,7.933924950074973,3.8267099400899673,0.5454372018906324
,,,7.9439249500749725,3.838709940089968,0.5376986547270097
,,,7.953924950074973,3.8507099400899674,0.5300681997868714
,,,7.963924950074975,3.8627099400899674,0.5225443889822665
,,,7.973924950074973,3.8747099400899674,0.5151257920590688
,,,7.9839249500749725,3.8867099400899674,0.5078109945954146
,,,7.993924950074973,3.898709940089968,0.5005985965334848
,,,8.0,3.906,0.4962666643929724
